Fund Name,P1,P2,P3,P4,P5,Topsis Score,Rank
M1,0.62,0.38,6.5,39.9,11.85,0.4202049497019874,7
M2,0.8,0.64,3.4,32.1,9.24,0.613737537469268,2
M3,0.84,0.71,3.3,36.3,10.29,0.6332165420493103,1
M4,0.61,0.37,4.7,63.2,17.22,0.4610216535372883,5
M5,0.92,0.85,6.9,65.1,18.44,0.41997321186348596,8
M6,0.73,0.53,4.9,49.1,13.82,0.5009499075685229,4
M7,0.86,0.74,4.6,49.6,13.95,0.5546380375765623,3
M8,0.91,0.83,6.6,55.6,15.99,0.4267665215701556,6
