Fund Name,P1,P2,P3,P4,P5,Topsis Score,Rank
M1,0.62,0.38,6.5,39.9,11.85,0.6341896539666073,1
M2,0.8,0.64,3.4,32.1,9.24,0.42876143071833706,6
M3,0.84,0.71,3.3,36.3,10.29,0.3959359473936529,8
M4,0.61,0.37,4.7,63.2,17.22,0.531689574166159,2
M5,0.92,0.85,6.9,65.1,18.44,0.5085139700461708,4
M6,0.73,0.53,4.9,49.1,13.82,0.5187524936979212,3
M7,0.86,0.74,4.6,49.6,13.95,0.4223551712217277,7
M8,0.91,0.83,6.6,55.6,15.99,0.5082449822232947,5
